first_name,last_name,email,dob,major
Andrea,Morris,andrea.morris@externalsource.com,1987-01-26,External Transfer
Max,Price,max.price@externalsource.com,1987-10-10,External Transfer
Jasmine,Hughes,,2005-01-15,External Transfer
Amanda,Evans,amanda.evans@externalsource.com,2003-03-27,External Transfer
Alexander,Kelly,alexander.kelly@externalsource.com,1988-09-22,External Transfer
Paul,Barker,paul.barker@externalsource.com,1998-12-28,External Transfer
Cameron,Clark,,2000-09-12,External Transfer
Simon,Bryant,simon.bryant@externalsource.com,1985-03-07,External Transfer
Gillian,Wilkinson,gillian.wilkinson@externalsource.com,1991-04-06,External Transfer
Mohamed,Brooks,mohamed.brooks@externalsource.com,2000-06-18,External Transfer
Ian,Webb,ian.webb@externalsource.com,2001-03-15,External Transfer
Raymond,Collins,raymond.collins@externalsource.com,1991-01-12,External Transfer
Julie,Morgan,julie.morgan@externalsource.com,1995-04-21,External Transfer
Donna,Jones,,1986-01-13,External Transfer
Kate,Marsden,kate.marsden@externalsource.com,2000-01-06,External Transfer
Ben,Taylor,ben.taylor@externalsource.com,1992-12-12,External Transfer
Jemma,Hughes,jemma.hughes@externalsource.com,1989-12-20,External Transfer
Andrew,Moore,andrew.moore@externalsource.com,1986-06-02,External Transfer
Lesley,Gregory,lesley.gregory@externalsource.com,2000-04-15,External Transfer
Connor,Smith,connor.smith@externalsource.com,1992-02-04,External Transfer
Leon,Marsh,leon.marsh@externalsource.com,1988-11-02,External Transfer
Ross,Smith,ross.smith@externalsource.com,2000-05-30,External Transfer
Phillip,Norris,phillip.norris@externalsource.com,1995-08-02,External Transfer
Derek,Sanders,derek.sanders@externalsource.com,1990-06-20,External Transfer
Hazel,Hussain,hazel.hussain@externalsource.com,1997-09-17,External Transfer
Craig,Hunt,craig.hunt@externalsource.com,2001-01-22,External Transfer
Gary,Pearson,gary.pearson@externalsource.com,1986-10-01,External Transfer
Diana,Singh,diana.singh@externalsource.com,2006-09-04,External Transfer
Damian,Chapman,damian.chapman@externalsource.com,2002-04-10,External Transfer
Leonard,Hussain,leonard.hussain@externalsource.com,2007-03-29,External Transfer
Billy,Booth,billy.booth@externalsource.com,1992-03-22,External Transfer
Simon,Robinson,simon.robinson@externalsource.com,1988-02-16,External Transfer
Sheila,Stevens,sheila.stevens@externalsource.com,1986-08-16,External Transfer
Jacqueline,Wright,jacqueline.wright@externalsource.com,2003-12-27,External Transfer
Derek,Roberts,derek.roberts@externalsource.com,1987-04-21,External Transfer
Derek,Morris,derek.morris@externalsource.com,1997-02-08,External Transfer
Jean,Newton,jean.newton@externalsource.com,1989-11-23,External Transfer
Josh,Pearson,,1998-12-21,External Transfer
Sylvia,Cross,sylvia.cross@externalsource.com,2007-03-26,External Transfer
Jean,Jones,jean.jones@externalsource.com,2001-03-07,External Transfer
Nathan,Francis,nathan.francis@externalsource.com,2006-09-30,External Transfer
Rachael,Thompson,rachael.thompson@externalsource.com,1988-10-22,External Transfer
Garry,Bennett,garry.bennett@externalsource.com,1985-09-02,External Transfer
Carly,Lyons,carly.lyons@externalsource.com,1999-10-30,External Transfer
Georgina,Black,georgina.black@externalsource.com,2006-09-12,External Transfer
Ruth,Johnson,ruth.johnson@externalsource.com,1997-05-03,External Transfer
Mandy,Atkinson,mandy.atkinson@externalsource.com,2004-09-05,External Transfer
Georgina,Ellis,georgina.ellis@externalsource.com,1985-04-15,External Transfer
Jake,Osborne,,1998-02-16,External Transfer
Ian,Walker,,2007-09-20,External Transfer
